	Argentina	Australia	Austria	Belarus	Belgium	Brazil	Canada	Chile	China	Colombia	Czech Republic	Denmark	Egypt	Finland	France	Germany	Greece	Hungary	India	Indonesia	Iran	Ireland	Israel	Italy	Japan	Mexico	Netherlands	Norway	Poland	Portugal	Romania	Russia	Saudi Arabia	South Korea	Spain	Thailand	Turkey	Ukraine	United Kingdom	United States
2020-03-12	0.4318181818181818	4.921875	27.95454545454545	1.276595744680851	27.78761061946903	0.2469135802469136	2.806539509536785	1.2568306010928962	56.99436619718311	0.18292682926829268	8.867924528301886	88.96551724137932	0.6	10.727272727272727	34.04477611940299	18.87951807228916	9.25233644859813	1.326530612244898	0.05632716049382716	0.1298205421916762	111.11111111111113	9.148936170212767	9.318181818181818	206.32450331125833	4.9401436552274545	0.08835341365461846	29.075144508670522	92.26415094339623	0.8093994778067886	5.462962962962963	2.34375	0.17029972752043596	1.4195583596214512	153.09338521400778	93.99150743099787	1.044776119402985	0.012077294685990341	0.026881720430107527	6.909090909090909	4.024539877300613
2020-03-13	0.7045454545454545	6.09375	41.02272727272727	2.2340425531914896	35.309734513274336	0.365622032288699	3.760217983651226	1.8032786885245904	57.00985915492958	0.18292682926829268	10.943396226415095	116.55172413793105	0.7999999999999999	28.18181818181818	42.92537313432836	28.5421686746988	12.429906542056074	1.6326530612244896	0.05787037037037038	0.1298205421916762	124.38271604938272	14.893617021276595	10.909090909090908	250.21523178807945	5.387071029529131	0.1285140562248996	35.491329479768794	117.16981132075472	1.279373368146214	7.222222222222222	3.333333333333333	0.20435967302452315	1.9558359621451105	155.23346303501947	126.4968152866242	1.044776119402985	0.024154589371980683	0.08064516129032258	8.939393939393938	5.101226993865031
2020-03-14	0.7727272727272727	7.6953125	57.27272727272727	2.2340425531914896	49.46902654867257	0.4653371320037986	4.795640326975477	2.349726775956284	57.02323943661972	0.3252032520325203	14.150943396226413	138.6206896551724	0.93	33.27272727272727	54.64179104477611	36.89156626506024	17.75700934579439	2.5510204081632653	0.0640432098765432	0.2634593356242841	140.2962962962963	19.361702127659573	13.181818181818182	292.3841059602649	5.881883479648843	0.20883534136546186	46.47398843930635	117.16981132075472	1.7754569190600522	10.370370370370368	4.635416666666666	0.3065395095367848	2.7129337539432177	157.3151750972763	162.22929936305732	1.2238805970149254	0.024154589371980683	0.08064516129032258	10.712121212121213	6.668711656441718
2020-03-15	1.0227272727272727	9.7265625	74.43181818181819	2.2340425531914896	60.97345132743364	0.5745489078822412	6.648501362397821	3.333333333333333	57.038732394366185	0.6910569105691057	20.18867924528302	142.58620689655172	0.93	38.18181818181818	67.14925373134328	45.722891566265055	21.30841121495327	3.1632653061224487	0.06944444444444442	0.3665521191294388	157.14814814814815	27.446808510638288	20.227272727272727	350.28145695364236	6.225059856344773	0.3293172690763052	55.43352601156069	171.13207547169813	2.715404699738903	15.648148148148149	5.885416666666666	0.4019073569482289	2.7129337539432177	158.79377431906616	207.74946921443737	1.2238805970149254	0.024154589371980683	0.08064516129032258	17.272727272727273	9.052147239263805
2020-03-16	1.2727272727272727	11.640625	97.72727272727272	2.872340425531915	78.40707964601768	0.9496676163342829	8.283378746594005	4.0983606557377055	57.05633802816901	0.9146341463414634	28.11320754716981	150.86206896551727	1.1	48.54545454545454	80.9402985074627	58.289156626506035	30.934579439252328	3.9795918367346936	0.07175925925925926	0.44673539518900346	172.0740740740741	35.95744680851064	28.40909090909091	397.0198675496689	6.496408619313648	0.42570281124498	65.60693641618496	203.20754716981133	3.2637075718015667	22.68518518518519	7.239583333333332	0.4291553133514986	3.722397476340694	160.23346303501944	243.97027600849253	1.7014925373134329	0.21739130434782608	0.08064516129032258	21.075757575757574	11.576687116564415
2020-03-17	1.4772727272727273	14.6484375	115.45454545454544	3.8297872340425534	96.01769911504424	1.111111111111111	11.553133514986374	8.524590163934427	57.08661971830986	1.1585365853658538	32.452830188679236	160.68965517241378	1.26	49.45454545454545	99.0	72.43373493975903	32.89719626168224	5.1020408163265305	0.09645061728395063	0.5116456662848415	185.0740740740741	47.44680851063829	29.54545454545455	463.2450331125828	6.576217079010375	0.6586345381526104	81.67630057803468	220.56603773584905	4.6214099216710185	30.64814814814815	9.583333333333334	0.6335149863760219	4.195583596214512	161.86770428015566	297.1125265392781	2.6417910447761197	0.5676328502415459	0.13440860215053765	23.37878787878788	14.297546012269938
2020-03-18	1.7954545454545454	17.734375	151.36363636363637	3.8297872340425534	110.0	1.3817663817663821	15.504087193460489	10.983606557377048	57.10281690140845	1.321138211382114	40.943396226415096	176.55172413793102	1.66	58.0	115.3731343283582	86.21686746987952	36.16822429906542	5.1020408163265305	0.10570987654320987	0.6567392134402443	199.6172839506173	62.1276595744681	48.52272727272727	521.6225165562913	6.616121308858738	0.7469879518072289	98.55491329479769	246.79245283018867	6.214099216710182	41.481481481481474	11.302083333333336	0.7765667574931879	4.195583596214512	163.6770428015564	375.54140127388536	2.6417910447761197	1.1835748792270528	0.3763440860215054	29.54545454545455	19.714723926380366
2020-03-19	2.2045454545454546	22.0703125	187.04545454545456	4.893617021276596	131.50442477876106	2.032288698955366	18.801089918256128	13.005464480874315	57.13380281690141	2.073170731707317	49.24528301886792	192.24137931034485	1.96	67.0909090909091	136.32835820895522	98.77108433734942	39.065420560747654	7.448979591836735	0.12731481481481485	0.6567392134402443	214.33333333333331	77.87234042553192	49.20454545454545	591.274834437086	6.967278531524341	0.9477911646586346	118.55491329479769	268.49056603773585	7.493472584856397	59.444444444444436	13.541666666666664	1.0013623978201636	5.3943217665615135	166.63424124513617	461.4649681528662	2.6417910447761197	2.3067632850241546	0.510752688172043	39.84848484848485	28.880368098159515
2020-03-20	2.9090909090909087	27.6953125	249.54545454545456	6.0638297872340425	158.84955752212392	2.9487179487179485	23.051771117166208	18.688524590163933	57.203521126760556	2.6016260162601625	65.47169811320755	198.44827586206898	2.1	72.72727272727273	164.1044776119403	170.33734939759037	43.364485981308405	8.673469387755103	0.14737654320987656	0.8667430316914854	227.24691358024688	118.51063829787232	76.93181818181819	679.3874172185431	7.581803671189146	1.3172690763052208	142.19653179190755	292.8301886792453	9.26892950391645	72.68518518518519	14.427083333333332	1.3555858310626705	7.507886435331232	168.32684824902722	558.4713375796179	3.164179104477612	4.335748792270531	0.6989247311827956	49.65151515151515	43.711656441717786
2020-03-21	3.5909090909090913	34.140625	301.02272727272725	6.0638297872340425	199.73451327433628	4.2924976258309595	26.45776566757493	23.715846994535518	57.24014084507042	3.2113821138211383	85.28301886792455	216.3793103448276	2.56	81.81818181818181	188.23880597014926	219.12048192771084	46.261682242990645	10.510204081632654	0.17824074074074073	1.179839633447881	242.51851851851848	145.31914893617022	80.9090909090909	778.4933774834437	8.036711891460495	1.6305220883534135	173.06358381502892	328.6792452830189	11.096605744125323	94.44444444444444	16.041666666666664	1.7234332425068115	8.643533123028389	171.18677042801556	674.0976645435244	5.462686567164179	8.091787439613528	0.6989247311827956	60.34848484848485	60.19631901840491
2020-03-22	5.113636363636363	42.890625	343.6363636363636	8.085106382978722	249.11504424778758	5.356125356125356	35.47683923705722	29.34426229508197	57.285915492957756	4.2682926829268295	93.86792452830187	228.6206896551724	2.85	94.72727272727272	215.80597014925368	258.59036144578306	49.532710280373834	13.36734693877551	0.2469135802469136	1.718213058419244	254.44444444444446	167.0212765957447	100.3409090909091	887.0529801324502	8.347964884277733	2.0160642570281126	209.8843930635838	363.39622641509436	13.994778067885115	118.51851851851852	19.114583333333336	2.0844686648501365	12.365930599369085	173.0933852140078	777.4097664543524	8.940298507462686	11.437198067632849	1.1021505376344087	76.03030303030303	82.04601226993866
2020-03-23	6.045454545454546	66.7578125	412.6136363636364	8.085106382978722	300.9734513274336	7.340930674264007	38.96457765667575	34.53551912568306	57.38309859154929	4.776422764227642	109.90566037735849	240.51724137931038	2.94	113.81818181818184	239.0746268656716	298.48192771084337	58.3177570093458	17.040816326530617	0.3387345679012345	1.9625811378388696	267.1358024691358	192.7659574468085	121.70454545454544	979.1059602649008	8.691141260973662	2.538152610441767	243.00578034682084	402.2641509433962	16.553524804177545	148.14814814814815	22.55208333333333	2.9836512261580386	16.1198738170347	174.33852140077823	876.0509554140127	10.761194029850747	14.927536231884055	1.263440860215054	86.1060606060606	107.99386503067484
2020-03-24	6.840909090909091	71.2109375	509.77272727272725	8.617021276595745	331.2389380530973	8.979107312440648	44.85013623978203	40.765027322404364	57.43169014084507	6.219512195121951	116.60377358490564	251.72413793103448	3.27	127.27272727272728	296.3582089552238	351.9518072289157	64.95327102803739	19.081632653061224	0.3796296296296297	2.2107674684994274	284.5555555555556	239.3617021276596	163.86363636363637	1058.394039735099	9.002394253790902	2.9477911646586348	274.5086705202312	447.35849056603774	19.556135770234988	190.74074074074082	30.0	2.9836512261580386	17.728706624605675	175.8171206225681	1039.3418259023356	12.343283582089553	18.466183574879228	1.9623655913978493	100.75757575757576	142.4601226993865
2020-03-25	8.795454545454545	94.6484375	600.2272727272726	8.617021276595745	377.7876106194689	10.451092117758783	53.37874659400546	50.38251366120218	57.48661971830985	7.682926829268293	131.50943396226415	274.31034482758616	3.66	144.0	332.8656716417911	380.16867469879514	69.43925233644859	23.061224489795922	0.433641975308642	2.6193203512791143	306.3086419753086	282.7659574468085	219.3181818181818	1145.2980132450332	9.521149241819634	3.2530120481927716	321.38728323699416	484.15094339622635	23.52480417754569	218.7037037037037	39.6875	3.371934604904632	24.195583596214515	177.76264591439687	1220.9341825902334	13.940298507462686	22.608695652173914	2.2580645161290325	122.37878787878788	169.420245398773
2020-03-26	11.40909090909091	109.3359375	669.0909090909091	9.148936170212767	436.9026548672566	11.552706552706551	92.23433242506813	62.40437158469946	57.55845070422535	9.552845528455284	156.03773584905662	297.2413793103448	4.42	160.0	376.61194029850753	439.855421686747	76.72897196261681	26.632653061224488	0.5007716049382716	3.0164184803360063	333.54320987654324	332.7659574468085	269.20454545454544	1231.5562913907283	10.119712689545091	3.8152610441767063	370.635838150289	550.188679245283	27.441253263707573	277.31481481481484	47.1875	4.4822888283378735	28.391167192429023	179.78599221789884	1411.04033970276	15.597014925373134	29.38405797101449	3.0376344086021505	144.37878787878788	212.25153374233128
2020-03-27	13.386363636363635	123.671875	798.75	9.148936170212767	551.7699115044248	13.841405508072176	109.48228882833789	71.36612021857924	57.624647887323945	9.979674796747966	194.52830188679246	323.62068965517244	4.5600000000000005	174.18181818181816	435.1492537313433	509.4939759036145	83.36448598130842	30.612244897959183	0.5586419753086421	3.4096983581519664	363.03703703703707	387.0212765957448	302.95454545454544	1333.4271523178807	10.885873902633678	4.698795180722891	429.53757225433526	595.4716981132075	31.879895561357703	328.1481481481481	53.59375	5.722070844686647	31.924290220820193	181.55642023346303	1605.9660297239914	16.955223880597018	43.828502415458935	4.193548387096774	176.63636363636363	263.7760736196319
2020-03-28	15.681818181818182	131.953125	874.6590909090909	10.0	644.6017699115043	16.225071225071225	127.38419618528611	87.97814207650275	57.708450704225356	10.955284552845528	215.0	352.7586206896552	4.95	186.3636363636364	492.00000000000006	585.3253012048193	90.2803738317757	35.0	0.6736111111111109	3.9938907980145095	399.1604938271605	451.2765957446809	344.8863636363636	1432.0860927152316	11.963288108539505	5.759036144578314	497.2832369942197	675.6603773584906	36.26631853785901	395.18518518518516	67.29166666666667	7.0572207084468666	34.826498422712945	184.3968871595331	1780.9978768577496	16.955223880597018	68.81642512077295	5.860215053763441	220.34848484848487	321.1226993865031
2020-03-29	16.931818181818183	148.7890625	942.159090909091	10.0	808.3185840707963	18.537511870845204	146.7574931880109	104.31693989071042	57.78802816901409	12.357723577235772	251.2264150943396	379.4827586206897	5.36	221.45454545454547	560.8208955223881	633.0963855421687	99.15887850467291	41.632653061224495	0.7554012345679012	4.410080183276058	437.1358024691358	513.8297872340426	411.25	1530.9933774834435	13.511572226656027	6.811244979919679	564.2774566473989	725.4716981132076	42.76762402088773	478.7037037037037	75.625	8.610354223433243	37.949526813880134	186.43968871595328	1917.3885350318471	18.58208955223881	89.3961352657005	8.36021505376344	258.92424242424244	382.40797546012266
2020-03-30	18.63636363636364	159.8828125	1001.4772727272727	10.0	958.9380530973452	20.208926875593548	170.43596730245233	116.88524590163937	57.857042253521136	14.268292682926829	266.88679245283015	412.93103448275866	5.76	221.45454545454547	599.6119402985074	690.3373493975903	108.03738317757009	45.61224489795917	0.8263888888888891	4.906452844597174	472.95061728395063	556.3829787234041	482.6136363636364	1617.3675496688745	14.892258579409418	7.975903614457831	628.0924855491328	773.9622641509435	48.61618798955614	552.0370370370372	91.66666666666669	10.449591280653953	38.76971608832808	187.95719844357976	2040.8067940552014	20.716417910447763	111.31642512077295	11.236559139784946	295.78787878787875	438.7269938650306
2020-03-31	21.954545454545453	178.0078125	1092.9545454545455	11.170212765957446	1053.008849557522	21.742640075973405	202.28882833787463	133.82513661202188	57.916197183098596	16.219512195121947	283.20754716981133	444.3103448275862	6.09	238.72727272727272	664.9253731343282	745.9397590361446	113.27102803738319	50.204081632653065	0.9652777777777776	5.3990072546773575	512.2839506172841	619.1489361702128	508.2954545454545	1684.4205298013244	15.586592178770951	8.787148594377511	679.1907514450868	797.3584905660377	53.655352480417754	593.3333333333333	101.66666666666669	12.506811989100814	45.83596214511041	190.38910505836574	2213.736730360934	24.64179104477612	130.76086956521738	12.903225806451614	335.469696969697	504.9693251533743
2020-04-1	21.954545454545453	183.8671875	1157.0454545454547	16.170212765957444	1130.530973451327	27.146248812915484	232.58855585831063	149.61748633879782	57.95422535211269	18.414634146341463	312.07547169811323	493.1034482758622	6.56	251.63636363636363	778.0298507462686	811.6385542168674	122.803738317757	53.57142857142857	1.0779320987654322	5.834287896143566	550.6913580246913	688.2978723404256	558.6363636363636	1751.523178807947	15.586592178770951	9.759036144578316	728.0346820809249	839.0566037735847	60.33942558746735	689.1666666666667	116.92708333333331	15.919618528610355	49.30599369085174	190.38910505836574	2371.125265392781	24.64179104477612	163.41787439613526	14.758064516129034	381.06060606060606	581.6503067484663
2020-04-2	25.75	194.375	1217.159090909091	16.170212765957444	1235.7522123893805	32.459639126305795	261.44414168937334	165.62841530054644	58.024647887323944	21.64634146341464	338.5849056603774	535.6896551724138	7.1	262.90909090909093	850.5820895522388	885.8072289156627	128.5046728971963	59.6938775510204	1.5162037037037035	6.403207331042383	587.5679012345679	733.404255319149	635.3409090909091	1830.6953642384105	17.382282521947324	11.06827309236948	786.936416184971	880.1886792452831	66.6840731070496	763.9814814814815	128.125	18.916893732970028	54.25867507886436	194.08560311284046	2532.123142250531	26.43283582089552	189.35990338164248	21.344086021505376	446.5757575757576	664.7883435582822
2020-04-3	25.75	204.0625	1264.6590909090908	27.02127659574468	1358.2300884955753	37.559354226020886	307.0299727520436	186.01092896174862	58.073943661971825	23.59756097560976	363.9622641509434	583.7931034482757	7.79	276.0	882.1641791044777	960.1927710843373	141.49532710280374	63.57142857142857	1.7754629629629632	6.83466972126766	623.0617283950618	818.936170212766	710.4545454545455	1907.9801324503312	20.88587390263368	12.1285140562249	849.5375722543351	931.1320754716983	76.91906005221931	836.4814814814813	142.60416666666666	24.168937329700274	59.46372239747634	195.75875486381324	2686.518046709129	27.98507462686567	219.0217391304348	21.612903225806452	510.87878787878793	753.1901840490798
2020-04-4	28.75	216.71875	1309.659090909091	37.340425531914896	1484.070796460177	43.00094966761635	341.11716621253413	204.20765027322412	58.117605633802825	25.752032520325198	395.28301886792457	647.7586206896552	7.79	293.6363636363636	960.268656716418	1033.4698795180723	150.74766355140187	69.18367346938776	2.2391975308641974	7.583046964490262	623.0617283950618	909.1489361702127	844.0909090909091	1983.8907284768213	23.423782920989623	13.55823293172691	908.843930635838	982.6415094339624	88.32898172323759	915.3703703703703	165.78125	28.262942779291553	59.46372239747634	197.58754863813232	2827.983014861996	29.52238805970149	252.66908212560384	26.532258064516128	578.3030303030304	852.6533742331288
2020-04-5	32.97727272727273	222.1484375	1337.0454545454545	41.91489361702128	1631.0619469026547	48.80341880341881	378.2561307901908	227.37704918032787	58.151408450704224	28.577235772357724	421.8867924528302	702.9310344827586	9.85	342.1818181818182	1023.9552238805969	1104.987951807229	156.35514018691592	74.79591836734693	2.6033950617283947	7.987781596029018	688.1851851851852	979.5744680851063	911.1363636363636	2063.4437086092707	26.105347166799678	15.180722891566264	961.0982658959537	1039.6226415094338	94.69973890339425	974.4444444444445	188.1770833333333	32.2275204359673	68.73817034700315	199.16342412451363	2945.456475583864	32.373134328358205	289.05797101449275	29.46236559139785	634.8939393939394	957.7822085889572
2020-04-6	35.31818181818182	224.375	1361.7045454545455	60.0	1742.566371681416	52.84900284900285	422.23433242506815	244.31693989071042	58.19859154929578	30.18292682926829	432.7358490566038	753.2758620689656	10.7	350.3636363636363	1051.910447761194	1149.2891566265062	162.14953271028037	75.91836734693877	3.1381172839506166	8.678885070637646	718.8395061728395	1087.4468085106384	957.9545454545456	2134.900662251656	29.16201117318436	17.21285140562249	1031.849710982659	1064.1509433962262	107.10182767624019	1044.2592592592594	201.25	36.70980926430518	75.23659305993691	200.07782101167317	3023.3121019108285	33.134328358208954	326.9202898550725	33.62903225806452	724.3333333333335	1035.6901840490798
2020-04-7	37.0	228.28125	1397.3863636363635	74.46808510638299	1841.9469026548672	57.24596391263058	453.7602179836513	263.1147540983606	58.23802816901409	32.09349593495935	454.90566037735846	807.0689655172412	10.73	395.6363636363636	1110.2985074626863	1195.4819277108436	164.01869158878503	83.36734693877553	3.411265432098765	9.511263841160748	746.9135802469134	1141.276595744681	1011.8181818181821	2194.4867549668875	30.462889066241022	19.590361445783127	1086.878612716763	1085.8490566037738	115.2219321148825	1086.111111111111	211.30208333333331	43.208446866485005	79.58990536277601	200.9922178988327	3133.9065817409773	33.701492537313435	364.93961352657004	35.456989247311824	781.9393939393941	1129.435582822086
2020-04-8	38.97727272727273	232.65625	1436.3636363636365	91.59574468085106	1964.070796460177	65.13295346628679	487.275204359673	279.56284153005464	58.29859154929578	36.178861788617894	473.3018867924529	874.3103448275862	13.22	419.6363636363636	1166.6716417910447	1243.7108433734938	171.21495327102804	91.32653061224491	4.007716049382717	10.454371897670867	772.7037037037038	1214.6808510638298	1050.9090909090908	2244.8013245033108	31.173184357541903	22.369477911646584	1131.7919075144507	1106.2264150943397	126.57963446475195	1152.0370370370372	230.05208333333331	51.069482288828326	88.17034700315456	202.02334630350197	3252.44161358811	35.35820895522389	411.9444444444445	39.30107526881721	837.0	1223.3404907975462
2020-04-9	40.79545454545455	236.40625	1473.75	113.40425531914892	2071.0619469026547	75.62678062678063	525.1771117166212	303.0601092896174	58.359154929577464	41.7479674796748	501.1320754716981	931.3793103448276	15.6	452.1818181818182	1224.5970149253733	1303.6385542168675	176.07476635514018	100.0	4.424382716049383	11.286750668193967	797.3580246913581	1324.255319148936	1068.6363636363637	2308.311258278146	33.974461292897054	25.550200803212853	1187.8034682080925	1133.9622641509434	135.90078328981724	1216.7592592592591	247.96875	59.073569482288825	92.49211356466877	202.78210116731518	3374.4161358811043	36.16417910447762	461.6666666666666	44.83870967741936	920.1969696969696	1325.558282208589
2020-04-10	43.04545454545455	240.3125	1505.4545454545455	158.08510638297872	2210.884955752213	84.79107312440645	565.3405994550409	326.3387978142077	58.39788732394365	45.1829268292683	525.377358490566	971.551724137931	16.990000000000002	473.6363636363636	1288.5671641791046	1367.7710843373495	182.71028037383175	121.42857142857143	4.947530864197532	12.573501336387935	817.5308641975308	1572.9787234042553	1132.7272727272727	2377.9139072847684	37.24660814046289	27.638554216867472	1257.9190751445085	1162.2641509433965	145.56135770234982	1292.2222222222224	270.9375	69.01226158038148	103.69085173501577	203.3073929961089	3470.743099787685	36.910447761194035	510.6521739130435	50.86021505376344	986.0151515151517	1429.549079754601
2020-04-11	44.88636363636364	243.671875	1540.909090909091	210.74468085106383	2359.911504424779	93.24786324786324	603.0790190735695	355.24590163934425	58.453521126760556	50.264227642276424	540.7547169811321	1003.2758620689656	17.94	503.45454545454544	1353.3731343283582	1417.566265060241	187.94392523364488	133.6734693877551	5.7461419753086425	13.409698358151967	841.8765432098766	1721.063829787234	1182.7272727272727	2443.3278145695363	42.67358339984038	30.875502008032132	1335.0867052023125	1178.1132075471694	155.48302872062663	1432.5925925925924	284.73958333333337	81.1784741144414	115.17350157728708	203.3073929961089	3567.3460721868373	37.58208955223881	567.9830917874398	59.220430107526894	1064.7272727272727	1538.5276073619632
2020-04-12	48.56818181818182	245.6640625	1568.9772727272727	236.80851063829783	2479.469026548673	98.41880341880342	634.9046321525885	378.5245901639344	58.51901408450705	55.0609756097561	556.7924528301887	1033.7931034482758	19.39	528.1818181818181	1399.8507462686566	1451.5542168674697	194.48598130841117	143.87755102040816	6.447530864197531	14.669721267659412	864.5555555555555	1899.5744680851064	1220.7954545454545	2521.043046357616	53.85474860335196	33.88755020080321	1411.1560693641618	1192.4528301886792	165.95300261096602	1480.2777777777776	311.9791666666667	92.5340599455041	127.22397476340694	204.5136186770428	3650.1273885350315	38.07462686567165	630.036231884058	67.5	1196.8333333333335	1625.616564417178
2020-04-13	50.06818181818182	246.953125	1583.75	274.25531914893617	2623.628318584071	105.26590693257359	663.8964577656676	394.1530054644809	58.59788732394365	56.422764227642276	565.1886792452831	1064.4827586206898	20.65	540.7272727272727	1423.9253731343285	1482.120481927711	197.57009345794395	148.77551020408166	7.061728395061729	16.193203512791143	885.0123456790125	2054.255319148936	1266.4772727272725	2588.791390728477	57.901037509976064	37.437751004016064	1479.0173410404627	1210.3773584905662	174.25587467362928	1535.6481481481485	328.125	107.425068119891	140.75709779179815	205.0	3714.4585987261153	38.49253731343285	687.8743961352658	74.65053763440861	1276.9545454545455	1710.3404907975462
2020-04-14	51.63636363636363	248.671875	1595.7954545454545	310.53191489361706	2706.991150442478	111.25356125356127	699.2643051771116	411.2021857923497	58.664084507042254	57.96747967479674	571.6037735849056	1089.3103448275863	21.9	557.0909090909091	1463.820895522388	1507.2048192771085	200.46728971962617	154.28571428571428	7.9961419753086425	17.399770904925543	904.9753086419753	2265.31914893617	1316.5909090909092	2640.9933774834435	61.01356743814844	40.27309236947791	1534.7398843930634	1224.1509433962265	181.04438642297646	1567.962962962963	345.46875	124.850136239782	155.6466876971609	205.52529182879374	3780.615711252654	39.0	737.3067632850241	83.38709677419354	1342.7424242424242	1787.0981595092026
2020-04-15	55.27272727272727	250.625	1617.5	349.04255319148933	2753.8938053097345	119.95251661918327	736.9482288828337	432.62295081967216	58.69859154929577	60.54878048780488	579.3396226415094	1122.586206896552	23.5	574.7272727272727	1545.865671641791	1537.1566265060242	202.80373831775702	161.12244897959184	8.825617283950617	18.47651775486827	924.4074074074074	2442.340425531915	1368.8636363636365	2690.1986754966892	64.64485235434958	43.36546184738956	1584.913294797688	1238.8679245283015	188.04177545691903	1615.5555555555554	358.28125	143.74659400544957	169.3690851735016	206.0505836575876	3874.543524416136	39.44776119402985	786.3647342995171	90.64516129032258	1422.3181818181818	1869.680981595092
2020-04-16	55.27272727272727	252.265625	1632.9545454545455	396.5957446808511	2971.061946902655	134.47293447293447	772.8610354223433	452.0765027322405	58.733802816901395	63.109756097560975	594.622641509434	1151.8965517241381	25.05	588.5454545454545	1585.1641791044776	1571.686746987952	204.85981308411218	168.57142857142858	9.552469135802466	19.61053837342497	943.0740740740739	2669.5744680851058	1420.568181818182	2734.3543046357613	68.49162011173182	46.96385542168675	1627.3410404624274	1259.8113207547171	197.9634464751958	1675.0925925925924	375.83333333333326	166.8256130790191	184.9211356466877	206.47859922178986	3955.6475583864117	39.880597014925385	838.0676328502417	111.85483870967742	1492.0606060606065	1962.1595092024536
2020-04-17	58.18181818181818	253.7890625	1641.8181818181818	447.2340425531915	3080.4424778761068	144.4681861348528	819.6457765667575	481.25683060109293	58.98169014084507	65.71138211382114	606.8867924528303	1186.0344827586207	26.73	612.5454545454546	1624.5820895522388	1612.4096385542166	206.26168224299062	179.89795918367346	10.329475308641976	21.061473844979	962.9012345679013	2823.617021276596	1449.7727272727273	2797.0364238410602	73.16041500399042	50.57831325301205	1688.6705202312135	1281.3207547169811	206.73629242819842	1744.537037037037	401.40625	190.3133514986376	201.26182965299682	206.90661478599225	4036.709129511677	40.29850746268657	896.0507246376811	119.94623655913979	1562.0151515151513	2059.29754601227
2020-04-18	60.40909090909091	255.1953125	1659.4318181818182	508.4042553191489	3198.053097345133	159.93352326685658	868.4468664850136	505.57377049180326	59.00352112676056	69.89837398373984	617.8301886792452	1219.4827586206898	28.44	634.3636363636364	1630.6268656716418	1655.8915662650602	206.26168224299062	187.14285714285717	11.094135802469136	22.61550210003818	981.4074074074074	2974.468085106383	1475.2272727272727	2854.8675496688743	78.17238627294493	55.22088353413654	1760.0578034682082	1281.3207547169811	218.77284595300262	1761.2962962962963	420.15625	218.03814713896458	225.29968454258673	207.25680933852144	4118.152866242038	40.29850746268657	948.6231884057972	137.25806451612902	1646.8484848484852	2153.877300613497
2020-04-19	64.27272727272727	257.265625	1666.1363636363635	508.4042553191489	3290.530973451328	173.78442545109212	908.4741144414168	531.6939890710382	59.01619718309859	73.59756097560977	627.7358490566038	1248.6206896551723	30.32	669.2727272727273	1668.9701492537313	1685.5060240963855	206.26168224299062	195.51020408163262	12.123456790123456	23.85643375334097	998.3703703703703	3140.0	1507.3863636363635	2912.6655629139073	82.68954509177973	60.216867469879524	1825.9537572254333	1317.7358490566035	228.2506527415144	1822.6851851851845	438.4375	250.63351498637599	261.00946372239747	207.41245136186768	4103.014861995754	40.7910447761194	994.3115942028985	146.4784946236559	1730.5606060606065	2254.8650306748473
2020-04-20	66.5909090909091	258.28125	1671.590909090909	508.4042553191489	3406.725663716815	183.54226020892688	947.6021798365125	551.2568306010928	59.02605633802818	77.07317073170732	640.2830188679245	1273.1034482758619	31.44	687.8181818181818	1680.6865671641795	1706.8915662650604	208.87850467289718	202.4489795918367	13.32175925925926	25.10500190912562	1014.9506172839508	3244.8936170212764	1533.068181818182	2963.1125827814567	85.80207501995211	66.35341365461848	1887.57225433526	1333.5849056603772	242.4804177545692	1870.9259259259256	455.52083333333326	291.91416893732975	295.3312302839116	207.66536964980546	4150.1061571125265	41.26865671641792	1042.342995169082	153.49462365591395	1819.1969696969695	2330.3282208588957
2020-04-21	68.63636363636364	258.7890625	1679.8863636363635	666.3829787234042	3538.3185840707965	192.6923076923077	1003.3514986376023	574.1530054644809	59.04859154929577	80.83333333333334	652.2641509433962	1295.6896551724135	33.33	703.2727272727273	1711.2985074626868	1728.3975903614455	209.81308411214954	214.08163265306126	14.351851851851851	25.811378388697968	1030.925925925926	3330.212765957447	1558.2954545454545	3000.463576158941	88.73104549082203	70.4578313253012	1930.9248554913293	1342.0754716981132	250.46997389033942	1931.7592592592596	465.41666666666674	320.9877384196185	330.7255520504732	207.84046692607004	4212.76008492569	41.671641791044784	1098.792270531401	164.65053763440858	1890.0454545454545	2416.41717791411
2020-04-22	71.18181818181817	259.6484375	1685.5681818181818	715.2127659574468	3624.424778761062	204.55365622032286	1046.6757493188009	591.9125683060109	59.05915492957747	84.32926829268294	664.2452830188679	1326.7241379310346	34.9	729.8181818181819	1751.1044776119406	1755.3493975903616	224.392523364486	221.2244897959184	15.419753086419751	27.24322260404735	1046.9382716049383	3412.7659574468084	1584.3181818181818	3045.6456953642382	91.74780526735834	76.31325301204821	1973.063583815029	1352.0754716981132	257.3368146214099	1979.537037037037	481.35416666666674	359.4209809264305	366.9085173501577	208.0544747081712	4261.847133757962	41.955223880597025	1154.4806763285026	177.20430107526883	1955.212121212121	2530.800613496933
2020-04-23	74.45454545454545	259.921875	1695.909090909091	774.5744680851062	3706.991150442477	217.26970560303891	1094.7956403269754	617.2677595628415	59.06760563380281	88.53658536585365	673.2075471698113	1364.1379310344826	34.9	750.7272727272727	1778.3731343283582	1783.686746987952	225.04672897196258	233.06122448979596	16.506944444444443	28.323787705231005	1061.679012345679	3547.0212765957444	1658.1818181818182	3101.440397350993	93.95051875498802	84.69076305220884	2013.9884393063587	1367.9245283018868	265.50913838120107	2035.3703703703704	505.72916666666674	395.0885558583106	402.9022082018928	208.21011673151747	4323.75796178344	42.37313432835821	1191.7149758454104	192.74193548387098	2022.6515151515148	2584.7515337423315
2020-04-24	77.79545454545455	260.4296875	1702.840909090909	853.404255319149	3787.3451327433622	235.0047483380817	1147.1117166212534	645.4644808743169	59.07323943661972	92.70325203252031	678.1132075471697	1391.896551724138	36.59	778.909090909091	1803.044776119403	1811.843373493976	230.18691588785046	243.16326530612244	17.806327160493826	29.686903398243604	1074.3950617283951	3746.170212765957	1691.1363636363635	3145.248344370861	97.6855546687949	93.43775100401605	2065.260115606937	1385.8490566037735	274.4386422976501	2069.722222222222	525.8333333333334	427.6089918256131	439.43217665615134	208.32684824902725	4368.64118895966	42.37313432835821	1229.3478260869565	205.56451612903226	2092.090909090909	2666.1717791411043
2020-04-25	77.79545454545455	261.2109375	1712.2727272727273	933.2978723404256	3919.734513274337	251.63817663817662	1195.558583106267	672.4590163934428	59.083802816901404	99.20731707317071	686.1320754716983	1415.5172413793102	40.92	799.0909090909091	1829.5074626865674	1836.6024096385545	232.71028037383175	249.2857142857143	18.908950617283953	31.351660939289808	1088.8148148148148	3868.9361702127667	1711.1363636363635	3195.2649006622514	102.88906624102155	103.3895582329317	2111.849710982659	1397.735849056604	284.3864229765013	2154.722222222222	542.5520833333334	467.4523160762943	476.403785488959	208.52140077821014	4421.847133757962	42.59701492537314	1267.0531400966186	218.41397849462365	2173.6969696969695	2731.6687116564417
2020-04-26	85.61363636363637	261.8359375	1719.7727272727273	1020.2127659574468	4011.061946902655	277.8205128205128	1235.449591280654	702.6229508196719	59.09084507042253	104.51219512195122	693.5849056603772	1456.0344827586207	43.19	813.6363636363636	1852.4477611940301	1857.5301204819282	234.20560747663552	255.10204081632656	20.44444444444445	32.86368843069874	1102.8148148148148	3949.148936170213	1738.409090909091	3234.288079470199	105.20351157222666	111.18072289156628	2149.7109826589594	1408.867924528302	294.3342036553525	2192.87037037037	553.90625	508.09264305177106	514.1640378548896	208.715953307393	4456.6878980891715	43.61194029850746	1301.6062801932367	231.63978494623657	2248.1363636363635	2880.5306748466246
2020-04-27	85.61363636363637	262.2265625	1726.0227272727273	1113.085106382979	4082.654867256637	293.8651471984805	1277.493188010899	728.4699453551912	59.09295774647888	109.32926829268291	698.4905660377359	1478.4482758620688	43.19	832.0	1859.3283582089555	1869.7951807228915	234.20560747663552	263.57142857142856	21.521604938271604	33.91370752195494	1117.0493827160494	4098.297872340426	1749.7727272727273	3272.7649006622523	106.82362330407022	117.88755020080322	2187.57225433526	1416.0377358490564	303.31592689295036	2207.9629629629626	574.7916666666667	551.4237057220708	552.7444794952681	208.91050583657585	4491.932059447982	43.61194029850746	1330.072463768116	242.17741935483872	2315.7575757575755	2962.914110429448
2020-04-28	90.68181818181816	262.6953125	1733.6363636363635	1200.9574468085107	4131.592920353982	315.7692307692307	1321.2261580381473	754.8087431693988	59.11126760563381	113.76016260162602	702.7358490566037	1499.655172413793	47.82	853.6363636363636	1877.1641791044776	1883.578313253012	236.82242990654208	270.3061224489796	22.712191358024693	34.73081328751432	1129.2839506172838	4180.425531914894	1757.5	3301.556291390729	108.34796488427773	124.73092369477912	2210.693641618497	1421.3207547169811	310.75718015665797	2235.555555555556	590.5729166666666	593.6444141689374	593.4069400630915	209.1828793774319	4524.309978768577	43.85074626865672	1355.8091787439614	242.17741935483872	2381.0454545454545	3032.058282208589
2020-04-29	93.5	263.203125	1740.2272727272727	1298.723404255319	4188.849557522124	341.3390313390313	1362.8065395095364	784.9726775956284	59.112676056338024	120.91463414634147	707.9245283018868	1526.0344827586207	50.42	861.8181818181818	1893.0597014925372	1899.2891566265062	236.82242990654208	278.265306122449	24.17592592592593	36.315387552500965	1143.0123456790125	4229.1489361702115	1771.4772727272727	3336.1754966887406	110.55067837190742	134.5542168674699	2220.578034682081	1434.9056603773583	319.0078328981723	2252.222222222222	605.0	637.316076294278	633.3438485804418	209.35797665369648	4542.292993630574	43.85074626865672	1384.6980676328506	252.9569892473118	2441.590909090909	3106.0828220858893
2020-04-30	97.09090909090908	263.515625	1745.909090909091	1402.2340425531916	4235.3097345132755	371.1396011396012	1405.6403269754767	813.3879781420766	59.115492957746476	126.23983739837398	715.0	1553.103448275862	52.68	892.0	1917.044776119403	1917.0963855421685	240.74766355140187	283.1632653061225	25.501543209876548	37.30813287514318	1156.2592592592591	4309.148936170213	1799.318181818182	3370.711920529801	112.4341580207502	142.96385542168673	2242.8901734104047	1446.6037735849054	330.02610966057443	2286.296296296296	623.8541666666666	677.1049046321526	675.1419558359621	209.43579766536962	4568.64118895966	44.08955223880597	1420.157004830918	265.2150537634409	2503.348484848485	3189.90490797546
2020-05-1	100.3409090909091	264.140625	1752.7272727272727	1492.2340425531916	4293.716814159293	405.41310541310537	1450.5722070844688	875.5737704918033	59.12394366197183	132.25609756097558	724.7169811320755	1578.9655172413793	55.37	908.1818181818179	1934.044776119403	1917.0963855421685	242.14953271028043	292.1428571428571	27.03935185185185	38.63306605574647	1168.395061728395	4385.531914893617	1812.0454545454547	3401.7052980132453	113.97446129289705	154.40963855421688	2272.601156069364	1454.7169811320755	336.2140992167102	2313.6111111111113	637.5	725.4632152588556	717.7602523659307	209.61089494163426	4598.089171974522	44.17910447761193	1451.7391304347825	279.7311827956989	2594.7424242424245	3281.6748466257673
2020-05-2	102.70454545454548	264.3359375	1756.590909090909	1586.914893617021	4339.115044247788	434.89553656220323	1500.2997275204361	929.3989071038252	59.12605633802817	142.39837398373982	729.9056603773586	1605.344827586207	58.95	918.3636363636364	1943.0597014925365	1948.2289156626505	242.14953271028043	300.20408163265313	28.808641975308642	40.28636884306988	1180.8148148148148	4432.553191489362	1829.659090909091	3434.238410596027	116.07342378292098	166.57831325301206	2300.057803468208	1463.9622641509436	342.1671018276762	2347.3148148148152	654.53125	779.5027247956402	760.1577287066244	209.72762645914398	4624.288747346071	44.17910447761193	1478.1642512077294	291.9623655913979	2688.69696969697	3385.8312883435583
2020-05-3	106.0909090909091	264.9609375	1757.9545454545455	1683.8297872340424	4382.035398230089	458.4947768281102	1545.340599455041	1007.3770491803277	59.1274647887324	148.0691056910569	731.6037735849058	1621.896551724138	61.93	941.6363636363636	1954.9104477611936	1957.7831325301206	244.8598130841121	305.91836734693874	30.84876543209877	41.40129820542192	1190.7160493827162	4505.531914893617	1839.2045454545453	3465.6953642384105	118.42777334397448	177.41365461847388	2325.780346820809	1463.9622641509436	349.2167101827677	2332.4074074074074	663.125	845.0544959128066	803.1230283911673	209.9805447470817	4644.140127388535	44.2686567164179	1502.1135265700482	306.747311827957	2761.5151515151515	3475.6717791411047
2020-05-4	108.4090909090909	265.6640625	1765.6818181818182	1777.127659574468	4416.4601769911515	480.2801519468186	1620.544959128065	1074.48087431694	59.129577464788724	155.85365853658536	734.0566037735849	1641.896551724138	64.65	955.2727272727273	1959.5074626865674	1965.963855421687	245.42056074766361	309.6938775510204	32.81867283950617	42.73386788850706	1202.7654320987656	4575.744680851063	1841.818181818182	3488.6920529801323	120.16759776536313	188.5220883534137	2345.1445086705207	1473.3962264150946	357.51958224543085	2363.333333333333	685.5729166666667	917.4863760217984	852.0820189274448	210.13618677042805	4654.033970276008	44.3134328358209	1522.2826086956522	320.241935483871	2827.2575757575764	3552.273006134969
2020-05-5	110.77272727272728	266.6015625	1769.2045454545453	1860.5319148936167	4448.407079646016	511.7758784425449	1655.9128065395096	1128.032786885246	59.130985915492964	162.05284552845532	737.6415094339623	1667.2413793103449	68.13	968.5454545454545	1968.1044776119406	1974.2168674698794	245.98130841121497	312.7551020408163	35.82793209876544	44.24207712867505	1217.8641975308642	4621.702127659575	1846.1363636363635	3508.9072847682123	121.55626496408621	200.04016064257027	2356.647398843931	1480.566037735849	365.69190600522194	2363.333333333333	703.75	989.5640326975476	903.97476340694	210.1945525291829	4676.093418259023	44.58208955223882	1541.7753623188407	331.4784946236559	2887.6363636363635	3621.576687116564
2020-05-6	113.79545454545456	267.5390625	1771.1363636363635	1952.127659574468	4469.8230088495575	544.7056030389364	1690.626702997275	1203.0601092896175	59.132394366197175	175.0609756097561	744.9056603773586	1693.2758620689654	72.00999999999998	984.0	1984.5820895522388	1986.7108433734936	246.9158878504673	317.44897959183675	38.11033950617284	46.090110729285975	1234.1975308641975	4677.234042553192	1851.0227272727273	3526.7052980132453	122.53790901835596	209.03614457831327	2374.971098265896	1491.1320754716985	376.7885117493472	2379.8148148148152	720.6770833333335	1058.3787465940054	954.2902208201892	210.23346303501947	4694.777070063694	44.59701492537314	1563.9009661835748	341.31720430107526	2954.393939393939	3694.708588957055
2020-05-7	118.0681818181818	268.5546875	1778.5227272727273	2048.404255319149	4493.893805309735	594.5773979107313	1730.1362397820162	1259.4535519125684	59.13380281690141	182.0934959349593	752.2641509433963	1721.2068965517242	75.88	1013.2727272727273	2047.0149253731345	2001.096385542169	248.87850467289718	321.42857142857133	40.858024691358025	47.491408934707906	1254.9382716049386	4733.6170212765965	1853.409090909091	3550.6125827814567	123.40782122905027	221.95983935742973	2388.381502890173	1500.566037735849	384.85639686684084	2424.259259259259	734.7395833333335	1130.3065395095368	1007.5078864353312	210.31128404669258	4714.331210191082	44.61194029850746	1591.111111111111	354.40860215053766	3048.5	3768.7208588957055
2020-05-8	121.77272727272728	269.375	1781.0227272727273	2145.531914893617	4550.442477876106	641.5289648622983	1768.9918256130786	1343.224043715847	59.13802816901409	192.19512195121948	757.6415094339623	1738.4482758620688	79.81	1031.4545454545455	2056.402985074627	2015.6626506024093	250.2803738317757	324.2857142857143	43.47376543209877	48.7819778541428	1273.2716049382716	4762.765957446809	1861.4772727272727	3573.807947019868	124.07821229050279	237.8795180722892	2414.682080924855	1508.4905660377358	392.8720626631854	2473.6111111111113	755.15625	1206.8119891008175	1064.069400630915	210.5447470817121	4739.235668789809	44.65671641791045	1614.987922705314	368.0376344086021	3132.0454545454545	3855.7423312883443
2020-05-9	127.22727272727272	270.078125	1788.068181818182	2244.787234042553	4602.7433628318595	690.0664767331433	1810.190735694823	1419.2349726775958	59.13802816901409	204.28861788617888	761.9811320754718	1761.7241379310346	84.75999999999998	1043.2727272727273	2065.9850746268658	2030.734939759036	251.4953271028037	327.8571428571429	46.0354938271605	50.06491027109585	1292.4814814814815	4795.95744680851	1867.7272727272727	3595.7781456953644	124.72466081404629	253.1887550200803	2433.121387283237	1515.8490566037735	401.201044386423	2524.8148148148152	771.40625	1279.6934604904632	1117.7287066246058	210.89494163424126	4755.010615711252	44.776119402985074	1637.3067632850243	381.5860215053764	3202.4848484848485	3938.432515337424
2020-05-10	130.97727272727275	270.6640625	1792.840909090909	2345.957446808511	4654.513274336284	740.4510921177588	1844.741144414169	1487.3770491803275	59.14859154929578	213.31300813008133	763.6792452830188	1779.1379310344823	89.64	1069.090909090909	2072.44776119403	2038.7710843373493	253.2710280373832	332.9591836734694	48.56404320987654	52.10003818251241	1311.358024691358	4842.553191489362	1869.7727272727273	3613.7086092715226	125.67438148443735	268.7550200803213	2449.8265895953755	1522.4528301886792	408.64229765013056	2537.592592592593	788.0729166666665	1353.3787465940054	1171.4826498422713	211.55642023346303	4827.537154989384	44.835820895522396	1655.978260869565	395.4301075268817	3261.5151515151515	4016.9969325153374
2020-05-11	131.27272727272728	271.1328125	1793.9772727272727	2443.9361702127662	4697.433628318584	772.5498575498576	1875.967302452316	1577.3770491803275	59.161971830985905	224.85772357723576	766.3207547169812	1798.103448275862	94.0	1084.0	2075.567164179104	2043.0722891566265	253.83177570093457	335.10204081632656	51.814814814814824	53.577701412752965	1328.4320987654319	4892.765957446809	1872.3863636363635	3626.986754966888	126.08140462889068	281.30120481927713	2463.9884393063585	1528.1132075471698	417.65013054830285	2553.796296296296	800.1041666666665	1428.3923705722073	1231.7981072555206	212.23735408560313	4835.881104033971	45.0	1674.6014492753625	409.46236559139777	3320.9545454545455	4079.138036809816
2020-05-12	136.8409090909091	271.40625	1803.8636363636365	2543.1914893617013	4730.0	799.2924976258312	1906.8392370572208	1642.7868852459014	59.162676056338036	236.03658536585363	771.3207547169812	1812.586206896552	97.46	1088.0	2082.373134328358	2054.313253012049	254.76635514018693	338.06122448979585	54.59567901234568	54.46735395189003	1349.20987654321	4922.340425531916	1875.6818181818185	3639.3046357615895	126.68794892258579	291.7831325301205	2473.294797687861	1529.433962264151	426.26631853785904	2562.8703703703704	811.875	1507.7929155313352	1293.8170347003156	212.7626459143969	4846.114649681528	45.0	1688.0555555555554	420.6451612903226	3379.696969696969	4134.711656441718
2020-05-13	148.86363636363637	272.03125	1807.9545454545453	2646.0638297872338	4759.203539823009	843.2526115859448	1938.882833787466	1733.3879781420765	59.16760563380282	249.4308943089431	775.566037735849	1826.0344827586207	100.93	1091.4545454545455	2092.940298507463	2063.927710843373	256.4485981308411	340.9183673469388	57.315586419753075	56.31538755250095	1367.4938271604938	4945.106382978724	1878.2954545454545	3662.5165562913908	127.88507581803673	307.82329317269074	2484.624277456648	1534.9056603773583	441.8015665796345	2584.537037037037	821.7708333333335	1582.0367847411444	1354.1009463722396	213.26848249027242	4855.435244161358	45.02985074626866	1708.6352657004834	430.72580645161287	3431.2575757575764	4202.3435582822085
2020-05-14	156.04545454545456	272.4609375	1814.090909090909	2747.340425531915	4777.0796460177	897.3124406457739	1969.4277929155312	1878.743169398907	59.1718309859155	262.8048780487805	780.0943396226414	1839.1379310344828	104.31	1100.7272727272727	2100.507462686567	2075.1686746987953	257.94392523364485	344.8979591836734	60.1875	58.94616265750287	1391.666666666667	4978.936170212765	1880.4545454545453	3677.218543046358	128.3240223463687	322.77911646586347	2497.7456647398844	1539.2452830188681	449.1906005221932	2604.8148148148152	833.4375	1650.3474114441415	1414.1955835962146	213.83268482490269	4873.460721868365	45.02985074626866	1728.4299516908213	441.53225806451616	3480.378787878788	4266.0920245398775
2020-05-15	161.8409090909091	273.0078125	1818.75	2848.085106382979	4804.24778761062	963.5232668566	2000.0272479564035	2024.0437158469947	59.17535211267605	276.6260162601626	787.8301886792453	1847.0689655172412	108.29	1117.2727272727273	2109.791044776119	2086.1686746987953	258.8785046728972	348.6734693877551	63.24845679012346	61.11492936235204	1413.9876543209875	5069.574468085107	1883.9772727272727	3693.64238410596	129.2338387869114	342.12851405622484	2513.352601156069	1542.4528301886792	459.9216710182768	2622.1296296296296	846.1979166666665	1718.290190735695	1478.517350157729	214.3579766536965	4887.112526539278	45.04477611940298	1748.1763285024156	452.8763440860215	3532.590909090909	4349.352760736197
2020-05-16	169.68181818181816	274.1796875	1825.909090909091	2950.0	4835.752212389381	1036.196581196581	2032.7520435967301	2160.7650273224044	59.18169014084507	288.9430894308943	793.0188679245282	1860.5172413793107	112.28	1132.3636363636365	2118.1940298507457	2093.6385542168673	262.6168224299065	354.3877551020408	66.31172839506172	62.985872470408545	1439.938271604938	5097.021276595745	1885.1136363636365	3706.7052980132453	129.584996009577	361.70281124497984	2524.913294797688	1546.6037735849054	470.3916449086162	2646.5740740740744	856.09375	1790.4836512261581	1551.2933753943219	214.72762645914398	4898.046709129511	45.149253731343286	1768.8043478260868	465.86021505376345	3586.5303030303025	4427.598159509203
2020-05-17	177.0909090909091	274.84375	1834.0909090909088	3051.170212765957	4866.283185840708	1107.037037037037	2066.8392370572205	2263.8251366120217	59.185915492957754	303.6382113821138	797.6415094339623	1872.0689655172412	117.19	1142.909090909091	2123.7462686567164	2100.6626506024104	263.4579439252336	358.06122448979585	70.15972222222221	65.0057273768614	1461.6296296296296	5116.595744680851	1887.2727272727273	3721.192052980132	129.9680766161213	378.66666666666674	2535.838150289017	1546.6037735849054	476.68407310704964	2667.592592592593	870.0	1853.1539509536785	1640.8832807570975	214.9805447470817	4911.889596602973	45.19402985074627	1788.2487922705313	480.0537634408602	3638.803030303031	4502.711656441718
2020-05-18	177.0909090909091	275.1953125	1835.681818181818	3154.255319148937	4892.035398230089	1144.7293447293448	2097.847411444141	2392.4043715847	59.19295774647886	316.5447154471545	799.5283018867924	1883.9655172413793	122.29	1154.0	2125.537313432836	2104.7831325301204	264.85981308411215	360.71428571428567	74.20447530864197	66.87285223367697	1483.9259259259259	5130.212765957447	1888.2954545454545	3732.3675496688734	130.12769353551477	395.33333333333326	2543.063583815029	1546.6037735849054	483.7859007832897	2688.5185185185182	878.6979166666665	1919.291553133515	1727.1924290220818	215.27237354085602	4917.324840764331	45.19402985074627	1804.7705314009665	491.69354838709677	3692.348484848485	4560.604294478528
2020-05-19	189.95454545454547	275.78125	1838.5227272727273	3252.340425531915	4916.725663716815	1207.1225071225074	2127.0027247956405	2516.8852459016393	59.199295774647894	331.1991869918699	810.0	1891.0344827586207	127.64	1160.0	2132.8805970149256	2110.9638554216867	265.04672897196264	362.8571428571428	78.03935185185186	68.76670484917908	1512.2469135802469	5148.936170212765	1888.75	3739.834437086093	130.60654429369512	414.72289156626505	2551.502890173411	1556.4150943396228	493.0809399477806	2704.537037037037	887.2916666666665	1980.0953678474116	1808.9905362776026	215.52529182879374	4926.4755838641195	45.23880597014925	1818.756038647343	500.4301075268818	3733.4242424242425	4627.601226993865
2020-05-20	199.9090909090909	276.09375	1847.3863636363635	3351.914893617021	4937.2566371681405	1289.7815764482432	2155.340599455041	2709.234972677596	59.200704225352105	344.20731707317077	815.7547169811321	1904.1379310344828	134.84	1163.4545454545455	2140.7014925373137	2120.566265060241	265.4205607476636	367.1428571428572	82.36882716049381	70.62237495227184	1538.3086419753085	5159.787234042554	1892.0454545454547	3753.2947019867547	130.76616121308857	436.5140562248996	2557.7456647398844	1557.924528301887	503.0809399477807	2725.1851851851848	895.3645833333333	2043.1948228882834	1888.1388012618293	216.14785992217895	4937.473460721868	45.28358208955224	1831.099033816425	507.4193548387097	3769.9696969696975	4688.858895705522
2020-05-21	210.6818181818182	276.5234375	1849.4318181818185	3449.574468085106	4954.24778761062	1384.5156695156695	2182.316076294278	2929.8907103825136	59.202112676056345	359.4918699186992	822.7358490566037	1916.7241379310346	142.29	1171.4545454545455	2146.9402985074626	2129.5421686746986	266.3551401869159	371.530612244898	86.69675925925927	73.26842306223749	1567.2716049382716	5173.404255319149	1894.318181818182	3764.3046357615885	131.07741420590582	454.57028112449797	2569.1907514450863	1560.0	515.378590078329	2746.296296296296	905.5729166666665	2102.8950953678477	1973.028391167192	216.38132295719845	4947.707006369426	45.28358208955224	1842.838164251208	516.9354838709678	3762.015151515152	4760.2852760736205
2020-05-22	225.4090909090909	276.6015625	1855.909090909091	3550.106382978723	4976.54867256637	1472.3979107312439	2215.6130790190728	3146.5027322404376	59.210563380281684	372.5609756097561	825.8490566037735	1927.9310344827584	150.03	1180.5454545454545	2151.686567164179	2135.0843373493976	266.6355140186916	375.3061224489797	91.3942901234568	76.983581519664	1596.8024691358025	5189.574468085106	1896.5909090909088	3774.9337748344374	131.78770949720672	478.4497991967871	2583.815028901734	1560.0	525.9268929503916	2769.6296296296296	915.8854166666665	2163.1743869209813	2052.902208201893	216.77042801556422	4985.647558386412	45.32835820895522	1854.4444444444446	529.7311827956988	3801.636363636364	4838.303680981595
2020-05-23	241.72727272727272	277.1484375	1859.2045454545453	3649.255319148936	5000.9734513274325	1571.1775878442545	2247.1117166212534	3380.1639344262294	59.21197183098592	388.8414634146342	831.4150943396228	1936.206896551724	157.86	1188.5454545454545	2157.7014925373137	2142.7710843373493	268.50467289719626	378.8775510204082	96.52854938271605	79.40435280641465	1625.333333333333	5214.04255319149	1896.5909090909088	3785.728476821192	131.97126895450918	502.2248995983936	2594.682080924855	1567.7358490566035	538.355091383812	2796.2962962962956	922.5	2223.7602179836513	2136.2460567823346	217.21789883268482	4995.541401273887	45.37313432835821	1865.9420289855072	541.6129032258065	3851.439393939394	4912.374233128835
2020-05-24	257.72727272727275	277.578125	1864.4318181818185	3749.36170212766	5027.433628318584	1649.563152896486	2278.201634877384	3573.3879781420765	59.214084507042244	410.10162601626024	838.6792452830188	1946.379310344828	166.13000000000005	1194.1818181818182	2161.2835820895525	2147.9638554216867	268.785046728972	381.73469387755097	101.75	83.0278732340588	1648.4074074074076	5230.212765957446	1896.5909090909088	3796.8046357615895	132.08300079808458	528.9638554216867	2604.85549132948	1567.7358490566035	546.5013054830288	2821.388888888889	930.0520833333333	2288.024523160763	2213.280757097792	217.704280155642	5005.774946921443	45.37313432835821	1880.2657004830921	553.2258064516128	3896.2727272727284	4977.515337423313
2020-05-25	274.15909090909093	277.6953125	1868.068181818182	3850.851063829787	5052.389380530973	1724.648622981956	2307.574931880109	3776.065573770492	59.22183098591549	430.3861788617886	845.0	1958.6206896551723	172.65	1196.1818181818182	2163.0	2151.4457831325303	268.9719626168224	383.26530612244903	107.133487654321	85.03627338678885	1675.320987654321	5242.340425531916	1900.0	3805.5960264900655	132.33040702314446	551.1646586345381	2614.797687861272	1567.7358490566035	556.8146214099216	2835.4629629629626	941.1458333333335	2346.600817438692	2288.9589905362773	218.01556420233464	4997.876857749469	45.40298507462686	1894.0458937198068	564.1397849462365	3932.7121212121215	5040.607361963191
2020-05-26	286.70454545454544	278.046875	1870.3409090909088	3951.489361702127	5074.513274336283	1780.14245014245	2335.1498637602176	4043.5519125683063	59.22676056338028	446.7682926829268	849.433962264151	1963.2758620689654	179.67	1199.818181818182	2168.34328358209	2156.650602409639	269.34579439252343	384.79591836734704	112.17592592592592	86.86521573119512	1700.2962962962963	5254.893617021276	1901.590909090909	3810.5629139072853	132.66560255387068	571.1244979919678	2626.878612716763	1575.8490566037735	564.7780678851175	2850.740740740741	952.2395833333335	2407.540871934605	2359.4637223974764	218.3852140077821	5016.114649681528	45.40298507462686	1905.9661835748796	571.1021505376343	3957.333333333334	5099.085889570551
2020-05-27	300.34090909090907	278.6328125	1874.659090909091	4048.8297872340418	5084.513274336284	1857.6543209876545	2360.6539509536788	4260.16393442623	59.2274647887324	467.54065040650414	853.7735849056604	1970.3448275862067	187.56	1205.0909090909092	2172.462686567165	2161.012048192771	270.2803738317757	387.0408163265306	117.10416666666669	88.44978999618175	1722.3580246913584	5262.765957446809	1904.2045454545453	3817.1357615894044	132.88906624102157	598.8755020080322	2634.566473988439	1578.1132075471698	576.3446475195822	2871.0185185185187	959.84375	2468.2697547683924	2420.3785488958993	219.16342412451363	5026.9426751592355	45.44776119402986	1917.4154589371979	580.2150537634409	4018.590909090909	5157.092024539878
